,Provinsi,tahun,penduduk_ribu_jiwa,PDRB,persentase_sanitasi_layak,persentase_pengangguran,persentase_lulus_sma,jalan_negara,jalan_provinsi,jalan_kabupaten_kota,panjang_total,harapan_lama_sekolah,persentase_air_bersih,persentase_rumah_layak,angka_harapan_hidup,pengeluaran_perkapita,persentase penduduk_miskin
0,aceh,2015-01-01,5018683,129092.66,54.16,8.83,68.16,2102.0,1782.0,18926.0,22810.0,13.73,61.23,88.96,69.5,8533.0,17.095
1,aceh,2016-01-01,5094495,136843.82,61.02,7.8500000000000005,74.46,2102.0,1782.0,18926.0,22810.0,13.89,63.31,90.91,69.51,8768.0,16.58
2,aceh,2017-01-01,5169430,145806.92,62.92,6.98,70.64,2102.0,1782.0,20135.0,24019.0,14.13,64.85,92.01,69.52,8957.0,16.405
3,aceh,2018-01-01,5243406,155910.98,67.09,6.4399999999999995,70.68,2102.0,1782.0,20031.0,23915.0,14.27,66.48,93.38,69.64,9186.0,15.825
4,aceh,2019-01-01,5316306,164162.98,73.16,5.825,69.96,2102.0,1782.0,20013.0,23897.0,14.3,85.81,57.41,69.87,9603.0,15.165
5,aceh,2020-01-01,5388079,166372.32,77.06,5.995,70.07,2102.0,1782.0,19748.0,23632.0,14.31,87.66,63.21,69.93,9492.0,15.21
6,aceh,2021-01-01,5459099,184978.75,77.55,6.3,74.36,2102.0,1782.0,19766.0,23650.0,14.36,88.79,64.43,69.96,9572.0,15.43
7,aceh,2022-01-01,5529758,211750.02,77.48,6.07,70.67,2112.0,1782.0,19766.0,23660.0,14.37,89.7,64.18,70.18,9963.0,14.695
8,aceh,2023-01-01,5599935,,,,,,,,,,,,,,
9,aceh,2024-01-01,5669589,,,,,,,,,,,,,,
10,aceh,2025-01-01,5738619,,,,,,,,,,,,,,
11,aceh,2026-01-01,5806977,,,,,,,,,,,,,,
12,aceh,2027-01-01,5874627,,,,,,,,,,,,,,
13,aceh,2028-01-01,5941505,,,,,,,,,,,,,,
14,aceh,2029-01-01,6007528,,,,,,,,,,,,,,
15,aceh,2030-01-01,6072623,,,,,,,,,,,,,,
16,bali,2015-01-01,4148380,176412.67,84.99,1.6800000000000002,69.08,1370.5,1262.5,13377.5,16010.5,12.97,91.27,98.7,71.35,13078.0,4.995
17,bali,2016-01-01,4202402,194089.58,88.74,2.005,73.65,629.0,743.0,6989.0,8361.0,13.04,88.71,98.97,71.41,13279.0,4.2
18,bali,2017-01-01,4256006,213035.86,90.07,1.38,74.62,629.0,743.0,7306.0,8678.0,13.21,90.85,99.29,71.46,13573.0,4.195
19,bali,2018-01-01,4309221,233636.77,91.14,1.14,78.67,629.0,743.0,7350.0,8722.0,13.23,90.9,99.03,71.68,13886.0,3.96
20,bali,2019-01-01,4362028,251934.1,94.59,1.395,64.52,629.0,743.0,7386.0,8758.0,13.27,96.84,77.24,71.99,14146.0,3.7
21,bali,2020-01-01,4414413,224225.72,95.01,3.44,74.88,629.0,743.0,7433.0,8805.0,13.33,97.36,77.05,72.13,13929.0,4.115
22,bali,2021-01-01,4466575,220467.45,95.95,5.395,75.86,629.0,743.0,7415.0,8787.0,13.4,97.56,78.47,72.24,13820.0,4.625
23,bali,2022-01-01,4518659,245233.24,95.94,4.82,76.59,590.0,743.0,7425.0,8758.0,13.48,98.42,81.65,72.6,13942.0,4.550000000000001
24,bali,2023-01-01,4570662,,,,,,,,,,,,,,
25,bali,2024-01-01,4622524,,,,,,,,,,,,,,
26,bali,2025-01-01,4674196,,,,,,,,,,,,,,
27,bali,2026-01-01,4725592,,,,,,,,,,,,,,
28,bali,2027-01-01,4776596,,,,,,,,,,,,,,
29,bali,2028-01-01,4827144,,,,,,,,,,,,,,
30,bali,2029-01-01,4877133,,,,,,,,,,,,,,
31,bali,2030-01-01,4926471,,,,,,,,,,,,,,
32,banten,2015-01-01,11967539,479300.44,66.24,9.065000000000001,52.95,577.5,737.5,6547.5,7862.5,12.35,67.68,93.17,69.43,11261.0,5.825
33,banten,2016-01-01,12157207,517898.34,72.92,8.435,60.83,565.0,732.0,5670.0,6967.0,12.7,67.47,95.36,69.46,11469.0,5.390000000000001
34,banten,2017-01-01,12345030,563597.7,71.12,8.515,59.87,565.0,762.0,5600.0,6927.0,12.78,66.11,96.71,69.49,11659.0,5.52
35,banten,2018-01-01,12530800,613804.41,70.65,8.095,67.54,565.0,762.0,4373.0,5700.0,12.85,72.83,96.93,69.64,11994.0,5.245
36,banten,2019-01-01,12714279,661321.34,81.01,7.83,56.94,565.0,762.0,4390.0,5717.0,12.88,91.64,56.92,69.84,12267.0,5.015000000000001
37,banten,2020-01-01,12895239,625895.38,82.0,9.315000000000001,64.24,565.0,762.0,4385.0,5712.0,12.89,92.87,56.21,69.96,11964.0,6.275
38,banten,2021-01-01,13074169,665887.47,82.89,8.995000000000001,66.9,565.0,762.0,4385.0,5712.0,13.02,93.51,60.78,70.02,12033.0,6.58
39,banten,2022-01-01,13251510,747250.29,85.12,8.309999999999999,66.02,568.0,762.0,4385.0,5715.0,13.05,92.71,60.98,70.39,12216.0,6.2
40,banten,2023-01-01,13427048,,,,,,,,,,,,,,
41,banten,2024-01-01,13600549,,,,,,,,,,,,,,
42,banten,2025-01-01,13771802,,,,,,,,,,,,,,
43,banten,2026-01-01,13940794,,,,,,,,,,,,,,
44,banten,2027-01-01,14107576,,,,,,,,,,,,,,
45,banten,2028-01-01,14271953,,,,,,,,,,,,,,
46,banten,2029-01-01,14433713,,,,,,,,,,,,,,
47,banten,2030-01-01,14592688,,,,,,,,,,,,,,
48,bengkulu,2015-01-01,1875922,50334.02,38.96,4.0600000000000005,55.94,680.5,1162.5,5633.0,7476.0,13.18,41.08,90.04,68.5,9123.0,17.52
49,bengkulu,2016-01-01,1900654,55384.17,49.45,3.57,64.31,793.0,1563.0,6881.0,9237.0,13.38,37.35,90.88,68.56,9492.0,17.175
50,bengkulu,2017-01-01,1924889,60657.68,42.54,3.2750000000000004,62.57,793.0,1563.0,6840.0,9196.0,13.57,43.83,92.68,68.59,9778.0,16.02
51,bengkulu,2018-01-01,1948605,66402.99,44.31,2.99,58.86,793.0,1563.0,6883.0,9239.0,13.58,49.37,93.7,68.84,10162.0,15.42
52,bengkulu,2019-01-01,1971764,72098.24,75.91,2.835,61.47,793.0,1563.0,6883.0,9239.0,13.59,57.6,41.73,69.21,10409.0,15.07
53,bengkulu,2020-01-01,1994346,73305.27,78.1,3.575,62.73,793.0,1563.0,6835.0,9191.0,13.61,62.47,47.94,69.35,10380.0,15.165
54,bengkulu,2021-01-01,2016433,79602.64,79.81,3.685,62.46,793.0,1563.0,6835.0,9191.0,13.67,67.39,51.36,69.42,10487.0,14.825
55,bengkulu,2022-01-01,2038142,90111.95,79.58,3.49,64.88,782.0,1563.0,6883.0,9228.0,13.68,73.07,54.98,69.69,10840.0,14.48
56,bengkulu,2023-01-01,2059417,,,,,,,,,,,,,,
57,bengkulu,2024-01-01,2080240,,,,,,,,,,,,,,
58,bengkulu,2025-01-01,2100583,,,,,,,,,,,,,,
59,bengkulu,2026-01-01,2120407,,,,,,,,,,,,,,
60,bengkulu,2027-01-01,2139715,,,,,,,,,,,,,,
61,bengkulu,2028-01-01,2158457,,,,,,,,,,,,,,
62,bengkulu,2029-01-01,2176633,,,,,,,,,,,,,,
63,bengkulu,2030-01-01,2194225,,,,,,,,,,,,,,
64,di yogyakarta,2015-01-01,3669149,101440.52,86.03,4.07,80.77,515.0,1091.0,4896.0,6502.0,15.03,80.99,98.77,74.68,12684.0,14.035
65,di yogyakarta,2016-01-01,3718481,109962.35,85.6,2.765,79.95,248.0,619.0,2909.0,3776.0,15.23,81.04,98.42,74.71,13229.0,13.219999999999999
66,di yogyakarta,2017-01-01,3768182,119128.72,89.14,2.9299999999999997,85.53,248.0,760.0,3369.0,4377.0,15.42,77.19,99.18,74.74,13521.0,12.69
67,di yogyakarta,2018-01-01,3818211,129818.36,88.92,3.185,81.96,248.0,760.0,3362.0,4370.0,15.56,80.62,99.46,74.82,13946.0,11.97
68,di yogyakarta,2019-01-01,3868531,141047.69,94.67,3.035,84.54,248.0,783.0,3330.0,4361.0,15.58,94.94,81.61,74.92,14394.0,11.57
69,di yogyakarta,2020-01-01,3919138,138117.84,96.96,3.975,87.99,248.0,760.0,3330.0,4338.0,15.59,96.02,86.19,74.99,14015.0,12.54
70,di yogyakarta,2021-01-01,3970159,149408.4,97.12,4.42,90.12,248.0,760.0,3330.0,4338.0,15.64,95.69,85.15,75.04,14111.0,12.355
71,di yogyakarta,2022-01-01,4021753,165690.21,96.21,3.8949999999999996,87.92,307.0,760.0,3382.0,4449.0,15.65,96.5,84.94,75.08,14482.0,11.415
72,di yogyakarta,2023-01-01,4073842,,,,,,,,,,,,,,
73,di yogyakarta,2024-01-01,4126378,,,,,,,,,,,,,,
74,di yogyakarta,2025-01-01,4179264,,,,,,,,,,,,,,
75,di yogyakarta,2026-01-01,4232399,,,,,,,,,,,,,,
76,di yogyakarta,2027-01-01,4285648,,,,,,,,,,,,,,
77,di yogyakarta,2028-01-01,4338908,,,,,,,,,,,,,,
78,di yogyakarta,2029-01-01,4392119,,,,,,,,,,,,,,
79,di yogyakarta,2030-01-01,4445218,,,,,,,,,,,,,,
80,dki jakarta,2015-01-01,10178942,1989088.75,88.39,7.795,74.1,180.0,3900.5,1691.0,5771.5,12.59,93.4,99.25,72.43,17075.0,3.77
81,dki jakarta,2016-01-01,10265267,2159073.6,90.42,5.945,74.74,53.0,7041.0,0.0,7094.0,12.73,92.44,99.49,72.49,17468.0,3.75
82,dki jakarta,2017-01-01,10348331,2365353.85,90.37,6.25,78.25,53.0,6679.0,0.0,6732.0,12.86,88.93,99.49,72.55,17707.0,3.775
83,dki jakarta,2018-01-01,10427981,2592606.57,90.73,6.19,83.48,53.0,6679.0,0.0,6732.0,12.95,89.59,99.36,72.67,18128.0,3.5599999999999996
84,dki jakarta,2019-01-01,10504035,2815636.16,92.89,6.02,84.35,53.0,6432.0,0.0,6485.0,12.97,99.82,34.25,72.79,18527.0,3.4450000000000003
85,dki jakarta,2020-01-01,10576393,2767273.49,93.04,8.05,85.67,53.0,6432.0,0.0,6485.0,12.98,99.84,33.18,72.91,18227.0,4.61
86,dki jakarta,2021-01-01,10645513,2912563.13,95.17,8.504999999999999,84.98,53.0,6432.0,0.0,6485.0,13.07,99.86,40.0,73.01,18520.0,4.695
87,dki jakarta,2022-01-01,10711777,3186469.91,92.79,7.59,87.71,53.0,0.0,6432.0,6485.0,13.08,97.93,36.23,73.32,18927.0,4.65
88,dki jakarta,2023-01-01,10775046,,,,,,,,,,,,,,
89,dki jakarta,2024-01-01,10835111,,,,,,,,,,,,,,
90,dki jakarta,2025-01-01,10891835,,,,,,,,,,,,,,
91,dki jakarta,2026-01-01,10944982,,,,,,,,,,,,,,
92,dki jakarta,2027-01-01,10994253,,,,,,,,,,,,,,
93,dki jakarta,2028-01-01,11039585,,,,,,,,,,,,,,
94,dki jakarta,2029-01-01,11080857,,,,,,,,,,,,,,
95,dki jakarta,2030-01-01,11117981,,,,,,,,,,,,,,
96,gorontalo,2015-01-01,1133615,28493.42,54.47,3.8550000000000004,44.67,401.0,216.5,5398.0,6015.5,12.7,66.47,86.76,67.12,9035.0,18.240000000000002
97,gorontalo,2016-01-01,1144760,31697.56,59.38,3.32,50.79,749.0,433.0,4364.0,5546.0,12.88,71.59,91.16,67.13,9175.0,17.674999999999997
98,gorontalo,2017-01-01,1155597,34537.68,58.62,3.965,55.3,749.0,467.0,4279.0,5495.0,13.01,75.0,92.11,67.14,9532.0,17.395
99,gorontalo,2018-01-01,1166139,37731.39,64.3,3.54,52.39,749.0,467.0,4323.0,5539.0,13.03,78.99,93.85,67.45,9839.0,16.32
100,gorontalo,2019-01-01,1176367,41145.45,74.57,3.505,50.87,749.0,467.0,4297.0,5513.0,13.06,94.19,62.26,67.93,10075.0,15.415
101,gorontalo,2020-01-01,1186259,41729.89,75.68,3.785,55.35,749.0,467.0,4290.0,5506.0,13.08,94.16,65.42,68.07,10020.0,15.405000000000001
102,gorontalo,2021-01-01,1195881,43896.49,78.58,3.21,53.73,749.0,467.0,4297.0,5513.0,13.11,94.57,67.28,68.19,10157.0,15.51
103,gorontalo,2022-01-01,1205339,47574.43,79.82,2.915,45.12,752.0,467.0,4297.0,5516.0,13.12,96.16,69.48,68.51,10687.0,15.465
104,gorontalo,2023-01-01,1214585,,,,,,,,,,,,,,
105,gorontalo,2024-01-01,1223636,,,,,,,,,,,,,,
106,gorontalo,2025-01-01,1232463,,,,,,,,,,,,,,
107,gorontalo,2026-01-01,1241040,,,,,,,,,,,,,,
108,gorontalo,2027-01-01,1249391,,,,,,,,,,,,,,
109,gorontalo,2028-01-01,1257472,,,,,,,,,,,,,,
110,gorontalo,2029-01-01,1265299,,,,,,,,,,,,,,
111,gorontalo,2030-01-01,1272863,,,,,,,,,,,,,,
112,jambi,2015-01-01,3403890,155065.66,57.81,3.535,49.05,1035.0,986.0,7602.5,9623.5,12.57,62.75,92.9,70.56,9446.0,8.989999999999998
113,jambi,2016-01-01,3445914,171199.47,65.11,4.33,60.5,1318.0,1505.0,10908.0,13731.0,12.72,63.23,94.72,70.71,9795.0,8.39
114,jambi,2017-01-01,3487001,189787.72,64.2,3.77,58.27,1318.0,1033.0,10676.0,13027.0,12.87,65.73,96.13,70.76,9880.0,8.045
115,jambi,2018-01-01,3527109,207878.69,63.99,3.645,66.06,1318.0,1033.0,10741.0,13092.0,12.9,66.66,95.99,70.89,10357.0,7.885
116,jambi,2019-01-01,3566191,216927.71,75.6,3.79,56.87,1318.0,1033.0,10775.0,13126.0,12.93,76.92,54.78,71.06,10592.0,7.555
117,jambi,2020-01-01,3604180,205081.99,77.82,4.695,63.66,1318.0,1033.0,10780.0,13131.0,12.98,78.86,61.41,71.16,10392.0,7.775
118,jambi,2021-01-01,3641271,232064.12,80.36,4.925,64.51,1318.0,1033.0,10790.0,13141.0,13.04,79.7,62.54,71.22,10588.0,7.88
119,jambi,2022-01-01,3677671,276316.37,79.54,4.645,65.85,1319.0,1033.0,10793.0,13145.0,13.05,79.19,60.85,71.5,10871.0,7.66
120,jambi,2023-01-01,3713302,,,,,,,,,,,,,,
121,jambi,2024-01-01,3748129,,,,,,,,,,,,,,
122,jambi,2025-01-01,3782094,,,,,,,,,,,,,,
123,jambi,2026-01-01,3815145,,,,,,,,,,,,,,
124,jambi,2027-01-01,3847226,,,,,,,,,,,,,,
125,jambi,2028-01-01,3878314,,,,,,,,,,,,,,
126,jambi,2029-01-01,3908369,,,,,,,,,,,,,,
127,jambi,2030-01-01,3937359,,,,,,,,,,,,,,
128,jawa barat,2015-01-01,46805063,1524974.83,58.86,8.56,48.53,1554.0,1612.0,16673.0,19839.0,12.15,67.2,94.8,72.41,9778.0,9.55
129,jawa barat,2016-01-01,47365647,1653238.4,63.12,8.73,55.03,1789.0,2191.0,22553.0,26533.0,12.3,67.62,96.37,72.44,10035.0,8.86
130,jawa barat,2017-01-01,47922692,1788117.36,64.02,8.355,48.32,1789.0,2361.0,22830.0,26980.0,12.42,70.5,96.84,72.47,10285.0,8.27
131,jawa barat,2018-01-01,48475356,1960627.65,64.73,8.225000000000001,61.04,1789.0,2361.0,23395.0,27545.0,12.45,71.06,97.09,72.66,10790.0,7.35
132,jawa barat,2019-01-01,49022994,2123153.71,69.64,7.91,57.46,1789.0,2361.0,23467.0,27617.0,12.48,92.3,49.29,72.85,11152.0,6.865
133,jawa barat,2020-01-01,49564991,2082107.26,71.4,9.085,63.56,1789.0,2361.0,23895.0,28045.0,12.5,93.42,52.28,73.04,10845.0,8.155
134,jawa barat,2021-01-01,50103066,2204660.23,71.66,9.370000000000001,64.89,1789.0,2361.0,24028.0,28178.0,12.61,93.24,53.14,73.23,10934.0,8.185
135,jawa barat,2022-01-01,50638962,2422782.32,74.02,8.33,67.05,1783.0,2361.0,24318.0,28462.0,12.62,93.04,53.37,73.52,11277.0,8.02
136,jawa barat,2023-01-01,51171928,,,,,,,,,,,,,,
137,jawa barat,2024-01-01,51701245,,,,,,,,,,,,,,
138,jawa barat,2025-01-01,52226219,,,,,,,,,,,,,,
139,jawa barat,2026-01-01,52745318,,,,,,,,,,,,,,
140,jawa barat,2027-01-01,53257026,,,,,,,,,,,,,,
141,jawa barat,2028-01-01,53760554,,,,,,,,,,,,,,
142,jawa barat,2029-01-01,54255030,,,,,,,,,,,,,,
143,jawa barat,2030-01-01,54739628,,,,,,,,,,,,,,
144,jawa tengah,2015-01-01,33728668,1010986.64,66.68,5.15,43.86,1650.5,2383.0,25787.5,29821.0,12.38,73.63,94.96,73.96,9930.0,13.45
145,jawa tengah,2016-01-01,33946159,1087316.7,70.19,4.415,44.59,1518.0,2405.0,27257.0,31180.0,12.45,76.3,95.94,74.02,10153.0,13.23
146,jawa tengah,2017-01-01,34156122,1172794.52,71.56,4.36,51.52,1518.0,2405.0,26471.0,30394.0,12.57,76.09,96.75,74.08,10377.0,12.620000000000001
147,jawa tengah,2018-01-01,34358216,1268261.17,74.04,4.33,55.62,1518.0,2501.0,26648.0,30667.0,12.63,78.16,97.4,74.18,10777.0,11.254999999999999
148,jawa tengah,2019-01-01,34552248,1360960.13,80.29,4.315,49.79,1518.0,2501.0,26648.0,30667.0,12.68,93.82,64.69,74.23,11102.0,10.690000000000001
149,jawa tengah,2020-01-01,34737951,1347222.49,83.24,5.34,55.82,1518.0,2501.0,26648.0,30667.0,12.7,94.07,67.93,74.37,10930.0,11.625
150,jawa tengah,2021-01-01,34916735,1419986.62,83.28,5.955,59.9,1518.0,2501.0,26525.0,30544.0,12.77,93.62,66.47,74.47,11034.0,11.52
151,jawa tengah,2022-01-01,35090063,1560899.02,84.37,5.66,58.75,1581.0,2501.0,26737.0,30819.0,12.81,93.32,67.02,74.57,11377.0,10.955
152,jawa tengah,2023-01-01,35257818,,,,,,,,,,,,,,
153,jawa tengah,2024-01-01,35419753,,,,,,,,,,,,,,
154,jawa tengah,2025-01-01,35575622,,,,,,,,,,,,,,
155,jawa tengah,2026-01-01,35724763,,,,,,,,,,,,,,
156,jawa tengah,2027-01-01,35866577,,,,,,,,,,,,,,
157,jawa tengah,2028-01-01,36000907,,,,,,,,,,,,,,
158,jawa tengah,2029-01-01,36127520,,,,,,,,,,,,,,
159,jawa tengah,2030-01-01,36246126,,,,,,,,,,,,,,
160,jawa timur,2015-01-01,38784068,1691477.06,62.9,4.39,52.04,1971.0,1961.0,32394.5,36326.5,12.66,76.64,95.51,70.68,10383.0,12.309999999999999
161,jawa timur,2016-01-01,39041197,1855738.4,67.47,4.175,55.13,2361.0,1421.0,38052.0,41834.0,12.98,75.83,95.95,70.74,10715.0,11.95
162,jawa timur,2017-01-01,39287097,2012917.99,68.6,4.05,59.9,2361.0,1421.0,37173.0,40955.0,13.09,75.54,96.65,70.8,10973.0,11.485
163,jawa timur,2018-01-01,39521647,2188766.35,68.84,3.84,62.48,2361.0,1421.0,37181.0,40963.0,13.1,75.2,96.95,70.97,11380.0,10.915
164,jawa timur,2019-01-01,39744586,2345548.55,78.78,3.795,57.74,2361.0,1421.0,37805.0,41587.0,13.16,94.39,65.61,71.18,11739.0,10.285
165,jawa timur,2020-01-01,39955676,2299807.64,80.98,4.72,63.53,2361.0,1421.0,38668.0,42450.0,13.19,95.56,68.08,71.3,11601.0,11.275
166,jawa timur,2021-01-01,40156392,2454716.48,80.97,5.455,66.33,2361.0,1421.0,38739.0,42521.0,13.36,95.02,66.93,71.38,11707.0,10.995000000000001
167,jawa timur,2022-01-01,40348148,2730907.09,81.13,5.15,66.87,2262.0,1421.0,38739.0,42422.0,13.37,95.05,66.28,71.74,11992.0,10.435
168,jawa timur,2023-01-01,40530647,,,,,,,,,,,,,,
169,jawa timur,2024-01-01,40703512,,,,,,,,,,,,,,
170,jawa timur,2025-01-01,40866198,,,,,,,,,,,,,,
171,jawa timur,2026-01-01,41017789,,,,,,,,,,,,,,
172,jawa timur,2027-01-01,41157508,,,,,,,,,,,,,,
173,jawa timur,2028-01-01,41285181,,,,,,,,,,,,,,
174,jawa timur,2029-01-01,41400607,,,,,,,,,,,,,,
175,jawa timur,2030-01-01,41503752,,,,,,,,,,,,,,
176,kalimantan barat,2015-01-01,4795449,146653.55,39.48,4.965,35.69,2190.0,1491.5,26503.5,30185.0,12.25,68.39,87.07,69.87,8279.0,8.235
177,kalimantan barat,2016-01-01,4859867,161364.24,51.46,4.405,35.69,2118.0,1562.0,14268.0,17948.0,12.37,66.19,87.96,69.9,8348.0,7.9350000000000005
178,kalimantan barat,2017-01-01,4923118,177493.65,49.33,4.29,42.7,2118.0,1535.0,14581.0,18234.0,12.5,68.77,91.66,69.92,8472.0,7.87
179,kalimantan barat,2018-01-01,4985113,194138.22,53.97,4.135,47.66,2118.0,1535.0,14662.0,18315.0,12.55,72.88,92.84,70.18,8860.0,7.57
180,kalimantan barat,2019-01-01,5045734,212150.33,72.08,4.205,49.29,2118.0,1535.0,14662.0,18315.0,12.58,77.07,53.52,70.56,9055.0,7.385
181,kalimantan barat,2020-01-01,5104890,213950.35,75.81,5.14,55.23,2118.0,1535.0,14662.0,18315.0,12.6,78.83,58.81,70.69,8930.0,7.205
182,kalimantan barat,2021-01-01,5162928,231321.16,78.39,5.775,54.27,2118.0,1535.0,14662.0,18315.0,12.65,78.76,61.17,70.76,8974.0,6.995
183,kalimantan barat,2022-01-01,5220201,255797.28,77.41,4.985,58.4,2288.0,1535.0,14948.0,18771.0,12.66,80.43,60.74,71.02,9355.0,6.77
184,kalimantan barat,2023-01-01,5276662,,,,,,,,,,,,,,
185,kalimantan barat,2024-01-01,5332206,,,,,,,,,,,,,,
186,kalimantan barat,2025-01-01,5386757,,,,,,,,,,,,,,
187,kalimantan barat,2026-01-01,5440214,,,,,,,,,,,,,,
188,kalimantan barat,2027-01-01,5492527,,,,,,,,,,,,,,
189,kalimantan barat,2028-01-01,5543644,,,,,,,,,,,,,,
190,kalimantan barat,2029-01-01,5593519,,,,,,,,,,,,,,
191,kalimantan barat,2030-01-01,5642107,,,,,,,,,,,,,,
192,kalimantan selatan,2015-01-01,3990714,137056.12,59.66,4.875,44.85,1746.0,1193.5,13257.5,16197.0,12.21,62.23,93.37,67.8,10891.0,4.855
193,kalimantan selatan,2016-01-01,4049529,146090.43,60.71,4.54,52.91,1204.0,852.0,11567.0,13623.0,12.29,58.63,94.44,67.92,11307.0,4.685
194,kalimantan selatan,2017-01-01,4106751,159104.55,58.09,4.1499999999999995,56.75,1204.0,763.0,11647.0,13614.0,12.46,60.62,95.65,68.02,11600.0,4.715
195,kalimantan selatan,2018-01-01,4162359,171684.06,62.76,4.035,61.09,1204.0,756.0,11480.0,13440.0,12.5,62.67,96.64,68.23,12062.0,4.595000000000001
196,kalimantan selatan,2019-01-01,4216308,180557.64,76.56,3.795,59.52,1204.0,756.0,11480.0,13440.0,12.52,69.45,46.73,68.49,12253.0,4.51
197,kalimantan selatan,2020-01-01,4268603,179162.02,81.17,4.205,63.05,1204.0,756.0,11480.0,13440.0,12.68,70.36,52.99,68.66,12032.0,4.605
198,kalimantan selatan,2021-01-01,4319787,197879.0,81.43,4.640000000000001,63.59,1204.0,756.0,11480.0,13440.0,12.81,76.4,57.5,68.83,12143.0,4.695
199,kalimantan selatan,2022-01-01,4370437,251256.54,82.55,4.470000000000001,67.81,1204.0,756.0,11480.0,13440.0,12.82,76.18,55.96,69.13,12469.0,4.550000000000001
200,kalimantan selatan,2023-01-01,4420505,,,,,,,,,,,,,,
201,kalimantan selatan,2024-01-01,4469982,,,,,,,,,,,,,,
202,kalimantan selatan,2025-01-01,4518883,,,,,,,,,,,,,,
203,kalimantan selatan,2026-01-01,4567127,,,,,,,,,,,,,,
204,kalimantan selatan,2027-01-01,4614666,,,,,,,,,,,,,,
205,kalimantan selatan,2028-01-01,4661510,,,,,,,,,,,,,,
206,kalimantan selatan,2029-01-01,4707646,,,,,,,,,,,,,,
207,kalimantan selatan,2030-01-01,4753078,,,,,,,,,,,,,,
208,kalimantan tengah,2015-01-01,2497334,100063.52,35.38,3.84,47.28,1603.0,928.0,12912.5,15443.5,12.22,57.01,88.56,69.54,9809.0,5.925000000000001
209,kalimantan tengah,2016-01-01,2536339,111967.02,50.3,4.245,52.42,2002.0,1100.0,14345.0,17447.0,12.33,61.26,91.39,69.57,10155.0,5.51
210,kalimantan tengah,2017-01-01,2574792,125817.07,45.15,3.68,56.48,2002.0,1272.0,14665.0,17939.0,12.45,63.9,92.46,69.59,10492.0,5.3149999999999995
211,kalimantan tengah,2018-01-01,2612624,138616.13,52.55,3.5250000000000004,53.47,2002.0,1272.0,14713.0,17987.0,12.55,65.38,93.73,69.64,10931.0,5.135
212,kalimantan tengah,2019-01-01,2649801,150046.1,69.23,3.625,50.01,2002.0,1272.0,15412.0,18686.0,12.57,73.27,47.9,69.69,11236.0,4.895
213,kalimantan tengah,2020-01-01,2686250,152187.39,72.31,3.955,60.77,2002.0,1272.0,15526.0,18800.0,12.66,74.91,51.97,69.74,11154.0,5.04
214,kalimantan tengah,2021-01-01,2722165,169654.31,73.77,4.390000000000001,61.04,2002.0,1272.0,15535.0,18809.0,12.74,77.05,55.34,69.79,11182.0,5.16
215,kalimantan tengah,2022-01-01,2757693,199947.9,74.33,4.23,61.88,2094.0,1272.0,15540.0,18906.0,12.75,77.01,54.07,70.04,11458.0,5.25
216,kalimantan tengah,2023-01-01,2792787,,,,,,,,,,,,,,
217,kalimantan tengah,2024-01-01,2827446,,,,,,,,,,,,,,
218,kalimantan tengah,2025-01-01,2861592,,,,,,,,,,,,,,
219,kalimantan tengah,2026-01-01,2895177,,,,,,,,,,,,,,
220,kalimantan tengah,2027-01-01,2928184,,,,,,,,,,,,,,
221,kalimantan tengah,2028-01-01,2960556,,,,,,,,,,,,,,
222,kalimantan tengah,2029-01-01,2992269,,,,,,,,,,,,,,
223,kalimantan tengah,2030-01-01,3023281,,,,,,,,,,,,,,
224,kalimantan timur,2015-01-01,3431312,505105.06,68.17,7.335,67.56,1902.5,1456.0,12167.5,15526.0,13.18,78.13,96.84,73.65,11229.0,6.165
225,kalimantan timur,2016-01-01,3479567,508880.24,75.6,8.405,66.76,1711.0,1640.0,8795.0,12146.0,13.35,78.93,97.4,73.68,11355.0,6.055
226,kalimantan timur,2017-01-01,3527076,591903.49,72.36,7.73,67.72,1711.0,885.0,10737.0,13333.0,13.49,82.75,98.11,73.7,11612.0,6.135
227,kalimantan timur,2018-01-01,3573801,635498.68,79.19,6.6,68.73,1711.0,895.0,10093.0,12699.0,13.67,81.26,98.2,73.96,11917.0,6.045
228,kalimantan timur,2019-01-01,3619676,652480.26,89.27,6.295,64.74,1711.0,895.0,10098.0,12704.0,13.69,83.54,65.55,74.22,12359.0,5.925000000000001
229,kalimantan timur,2020-01-01,3664669,607744.49,89.17,6.795,71.63,1711.0,895.0,9981.0,12587.0,13.72,85.51,70.8,74.33,11728.0,6.369999999999999
230,kalimantan timur,2021-01-01,3708932,696584.5,89.77,6.82,74.26,1711.0,895.0,10664.0,13270.0,13.81,85.8,70.7,74.61,12116.0,6.404999999999999
231,kalimantan timur,2022-01-01,3752601,921332.98,90.33,6.24,74.0,1807.0,895.0,10664.0,13366.0,13.84,87.14,73.18,74.62,12641.0,6.375
232,kalimantan timur,2023-01-01,3795631,,,,,,,,,,,,,,
233,kalimantan timur,2024-01-01,3837943,,,,,,,,,,,,,,
234,kalimantan timur,2025-01-01,3879503,,,,,,,,,,,,,,
235,kalimantan timur,2026-01-01,3920277,,,,,,,,,,,,,,
236,kalimantan timur,2027-01-01,3960207,,,,,,,,,,,,,,
237,kalimantan timur,2028-01-01,3999239,,,,,,,,,,,,,,
238,kalimantan timur,2029-01-01,4037328,,,,,,,,,,,,,,
239,kalimantan timur,2030-01-01,4074411,,,,,,,,,,,,,,
240,kalimantan utara,2015-01-01,644527,61722.39,48.09,5.734999999999999,47.64,1196.0,897.5,6863.0,8956.5,12.54,84.59,96.13,72.16,8354.0,6.28
241,kalimantan utara,2016-01-01,657250,66041.81,64.26,4.575,58.6,585.0,900.0,3062.0,4547.0,12.59,82.69,97.6,72.43,8434.0,6.61
242,kalimantan utara,2017-01-01,670002,76927.57,66.06,5.355,57.43,585.0,852.0,1746.0,3183.0,12.79,83.78,97.57,72.47,8643.0,7.09
243,kalimantan utara,2018-01-01,682782,85548.94,71.75,4.905,58.22,585.0,852.0,2569.0,4006.0,12.82,88.3,99.16,72.5,8943.0,6.975
244,kalimantan utara,2019-01-01,695561,96509.93,77.2,5.165,61.1,585.0,852.0,3159.0,4596.0,12.84,87.9,60.76,72.54,9343.0,6.5600000000000005
245,kalimantan utara,2020-01-01,708350,100423.21,82.09,5.34,67.77,585.0,852.0,3477.0,4914.0,12.93,89.5,66.73,72.59,8756.0,7.105
246,kalimantan utara,2021-01-01,721180,110668.94,79.8,4.625,62.3,585.0,852.0,3477.0,4914.0,12.94,86.8,65.65,72.65,9075.0,7.095000000000001
247,kalimantan utara,2022-01-01,734111,138718.18,82.22,4.475,54.8,644.0,852.0,3477.0,4973.0,13.06,89.96,67.21,72.67,9350.0,6.8149999999999995
248,kalimantan utara,2023-01-01,747124,,,,,,,,,,,,,,
249,kalimantan utara,2024-01-01,760220,,,,,,,,,,,,,,
250,kalimantan utara,2025-01-01,773375,,,,,,,,,,,,,,
251,kalimantan utara,2026-01-01,786576,,,,,,,,,,,,,,
252,kalimantan utara,2027-01-01,799798,,,,,,,,,,,,,,
253,kalimantan utara,2028-01-01,813030,,,,,,,,,,,,,,
254,kalimantan utara,2029-01-01,826269,,,,,,,,,,,,,,
255,kalimantan utara,2030-01-01,839487,,,,,,,,,,,,,,
256,kepulauan bangka belitung,2015-01-01,1373250,60987.32,80.13,4.82,43.46,622.0,875.5,3705.5,5203.0,11.6,68.03,97.84,69.88,11781.0,5.115
257,kepulauan bangka belitung,2016-01-01,1393132,65048.23,82.49,4.385,53.84,600.0,899.0,3934.0,5433.0,11.71,63.95,97.31,69.92,11960.0,5.13
258,kepulauan bangka belitung,2017-01-01,1412744,69865.21,83.56,4.12,51.55,600.0,851.0,4034.0,5485.0,11.83,68.14,98.47,69.95,12066.0,5.25
259,kepulauan bangka belitung,2018-01-01,1432081,73113.28,85.64,3.5999999999999996,55.01,600.0,851.0,3967.0,5418.0,11.87,66.83,99.1,70.18,12666.0,5.01
260,kepulauan bangka belitung,2019-01-01,1451097,75794.96,90.32,3.45,53.84,600.0,851.0,3967.0,5418.0,11.94,73.45,26.16,70.5,12959.0,4.5600000000000005
261,kepulauan bangka belitung,2020-01-01,1469806,75519.77,92.58,4.3,56.74,600.0,851.0,3967.0,5418.0,12.05,75.06,30.64,70.64,12794.0,4.71
262,kepulauan bangka belitung,2021-01-01,1488243,85961.29,92.24,5.035,63.98,600.0,851.0,4332.0,5783.0,12.17,73.4,27.6,70.73,12819.0,4.785
263,kepulauan bangka belitung,2022-01-01,1506501,95285.43,91.63,4.475,66.87,599.0,851.0,4441.0,5891.0,12.18,80.96,30.79,70.98,13358.0,4.53
264,kepulauan bangka belitung,2023-01-01,1524563,,,,,,,,,,,,,,
265,kepulauan bangka belitung,2024-01-01,1542387,,,,,,,,,,,,,,
266,kepulauan bangka belitung,2025-01-01,1559967,,,,,,,,,,,,,,
267,kepulauan bangka belitung,2026-01-01,1577280,,,,,,,,,,,,,,
268,kepulauan bangka belitung,2027-01-01,1594269,,,,,,,,,,,,,,
269,kepulauan bangka belitung,2028-01-01,1610927,,,,,,,,,,,,,,
270,kepulauan bangka belitung,2029-01-01,1627234,,,,,,,,,,,,,,
271,kepulauan bangka belitung,2030-01-01,1643163,,,,,,,,,,,,,,
272,kepulauan riau,2015-01-01,1982804,199570.39,71.38,7.625,65.28,593.0,873.0,4255.5,5721.5,12.6,84.12,98.05,69.41,13177.0,6.01
273,kepulauan riau,2016-01-01,2045341,216007.66,78.71,8.36,75.93,587.0,895.0,4070.0,5552.0,12.66,85.31,98.25,69.45,13359.0,5.91
274,kepulauan riau,2017-01-01,2109370,227706.88,85.55,6.800000000000001,83.55,587.0,896.0,4203.0,5686.0,12.81,83.95,98.4,69.48,13566.0,6.095
275,kepulauan riau,2018-01-01,2174812,248822.23,85.07,7.67,82.86,587.0,896.0,4203.0,5686.0,12.82,83.56,98.44,69.64,13976.0,6.015000000000001
276,kepulauan riau,2019-01-01,2241567,267631.48,89.13,7.26,78.14,587.0,896.0,4203.0,5686.0,12.83,88.51,44.09,69.8,14466.0,5.85
277,kepulauan riau,2020-01-01,2309526,254095.35,89.19,8.16,78.65,587.0,896.0,4203.0,5686.0,12.87,90.41,48.19,69.96,14209.0,6.025
278,kepulauan riau,2021-01-01,2378793,275622.85,91.62,10.015,81.07,587.0,896.0,4203.0,5686.0,12.98,90.83,50.23,70.12,14122.0,5.9350000000000005
279,kepulauan riau,2022-01-01,2449419,308842.68,87.74,8.125,73.93,589.0,896.0,4203.0,5688.0,12.99,91.82,46.69,70.5,14469.0,6.135
280,kepulauan riau,2023-01-01,2521302,,,,,,,,,,,,,,
281,kepulauan riau,2024-01-01,2594365,,,,,,,,,,,,,,
282,kepulauan riau,2025-01-01,2668534,,,,,,,,,,,,,,
283,kepulauan riau,2026-01-01,2743786,,,,,,,,,,,,,,
284,kepulauan riau,2027-01-01,2820143,,,,,,,,,,,,,,
285,kepulauan riau,2028-01-01,2897572,,,,,,,,,,,,,,
286,kepulauan riau,2029-01-01,2975996,,,,,,,,,,,,,,
287,kepulauan riau,2030-01-01,3055335,,,,,,,,,,,,,,
288,lampung,2015-01-01,8122949,252883.1,44.53,4.29,40.6,940.5,1299.5,11185.0,13425.0,12.25,55.06,91.33,69.9,8729.0,13.94
289,lampung,2016-01-01,8210295,279417.62,58.29,4.58,47.62,1292.0,1703.0,18167.0,21162.0,12.35,52.41,93.1,69.94,9156.0,14.075
290,lampung,2017-01-01,8295247,306700.43,52.78,4.38,48.75,1292.0,1693.0,18059.0,21044.0,12.46,53.79,94.19,69.95,9413.0,13.364999999999998
291,lampung,2018-01-01,8377699,332446.07,52.48,4.18,54.89,1292.0,1693.0,17774.0,20759.0,12.61,56.78,96.03,70.18,9858.0,13.075
292,lampung,2019-01-01,8457581,356676.83,79.22,3.99,54.87,1292.0,1693.0,17774.0,20759.0,12.63,73.3,52.0,70.51,10114.0,12.46
293,lampung,2020-01-01,8534822,353025.09,78.81,4.465,57.59,1292.0,1693.0,17730.0,20715.0,12.65,74.97,53.22,70.65,9982.0,12.55
294,lampung,2021-01-01,8609854,371198.88,83.89,4.615,60.09,1292.0,1693.0,17774.0,20759.0,12.73,80.2,61.56,70.73,10038.0,12.145
295,lampung,2022-01-01,8683135,414131.42,83.65,4.414999999999999,62.42,1298.0,1693.0,17519.0,20510.0,12.74,81.6,61.24,70.99,10336.0,11.504999999999999
296,lampung,2023-01-01,8754537,,,,,,,,,,,,,,
297,lampung,2024-01-01,8823994,,,,,,,,,,,,,,
298,lampung,2025-01-01,8891429,,,,,,,,,,,,,,
299,lampung,2026-01-01,8956651,,,,,,,,,,,,,,
300,lampung,2027-01-01,9019480,,,,,,,,,,,,,,
301,lampung,2028-01-01,9079834,,,,,,,,,,,,,,
302,lampung,2029-01-01,9137641,,,,,,,,,,,,,,
303,lampung,2030-01-01,9192825,,,,,,,,,,,,,,
304,maluku,2015-01-01,1690346,34345.96,59.14,8.325,58.59,1535.0,1495.5,12169.0,15199.5,13.56,64.96,84.55,65.31,8026.0,19.435000000000002
305,maluku,2016-01-01,1710397,37054.41,66.31,7.015000000000001,72.87,1772.0,1298.0,6819.0,9889.0,13.73,67.2,86.51,65.35,8215.0,19.22
306,maluku,2017-01-01,1730149,39881.55,63.02,8.53,73.58,1772.0,1080.0,7361.0,10213.0,13.91,68.34,88.64,65.4,8433.0,18.369999999999997
307,maluku,2018-01-01,1749525,43047.09,69.05,7.01,66.42,1772.0,1080.0,7050.0,9902.0,13.92,76.47,90.55,65.59,8721.0,17.985
308,maluku,2019-01-01,1768506,46152.82,70.0,6.65,67.82,1772.0,1080.0,7395.0,10247.0,13.94,90.83,51.75,65.82,8887.0,17.67
309,maluku,2020-01-01,1787085,46263.47,75.06,7.140000000000001,70.55,1772.0,1080.0,7824.0,10676.0,13.96,91.68,57.5,65.98,8732.0,17.715
310,maluku,2021-01-01,1805374,48642.32,76.77,6.83,68.12,1772.0,1080.0,7414.0,10266.0,13.97,93.21,60.69,66.09,8770.0,17.085
311,maluku,2022-01-01,1823516,53692.91,76.47,6.66,72.08,1850.0,1109.0,7414.0,10373.0,14.0,92.1,60.66,66.45,8876.0,16.1
312,maluku,2023-01-01,1841488,,,,,,,,,,,,,,
313,maluku,2024-01-01,1859251,,,,,,,,,,,,,,
314,maluku,2025-01-01,1876783,,,,,,,,,,,,,,
315,maluku,2026-01-01,1894080,,,,,,,,,,,,,,
316,maluku,2027-01-01,1911139,,,,,,,,,,,,,,
317,maluku,2028-01-01,1927935,,,,,,,,,,,,,,
318,maluku,2029-01-01,1944447,,,,,,,,,,,,,,
319,maluku,2030-01-01,1960644,,,,,,,,,,,,,,
320,maluku utara,2015-01-01,1167091,26638.3,58.99,5.805,57.12,1526.5,1193.0,6005.0,8724.5,13.1,60.07,84.24,67.44,7423.0,6.529999999999999
321,maluku utara,2016-01-01,1184462,29150.6,64.13,3.7199999999999998,64.87,1203.0,1277.0,4596.0,7076.0,13.45,62.99,87.26,67.51,7545.0,6.37
322,maluku utara,2017-01-01,1201700,32272.57,66.14,5.075,65.14,1203.0,1277.0,4952.0,7432.0,13.56,65.73,91.36,67.54,7792.0,6.395
323,maluku utara,2018-01-01,1218776,36468.79,66.96,4.595,60.07,1203.0,1277.0,4874.0,7354.0,13.62,69.17,92.18,67.8,7980.0,6.63
324,maluku utara,2019-01-01,1235657,39695.49,72.52,4.885,59.13,1203.0,1277.0,4874.0,7354.0,13.63,85.04,59.03,68.18,8308.0,6.84
325,maluku utara,2020-01-01,1252314,42298.87,75.99,4.62,66.52,1203.0,1277.0,4874.0,7354.0,13.67,86.9,62.14,68.33,8032.0,6.875
326,maluku utara,2021-01-01,1268865,52481.3,77.11,4.885,66.95,1203.0,1277.0,4874.0,7354.0,13.68,88.66,63.85,68.45,8140.0,6.635
327,maluku utara,2022-01-01,1285372,70902.61,79.39,4.48,67.1,1209.0,1277.0,4874.0,7360.0,13.73,88.1,65.42,68.79,8398.0,6.300000000000001
328,maluku utara,2023-01-01,1301834,,,,,,,,,,,,,,
329,maluku utara,2024-01-01,1318211,,,,,,,,,,,,,,
330,maluku utara,2025-01-01,1334504,,,,,,,,,,,,,,
331,maluku utara,2026-01-01,1350673,,,,,,,,,,,,,,
332,maluku utara,2027-01-01,1366709,,,,,,,,,,,,,,
333,maluku utara,2028-01-01,1382584,,,,,,,,,,,,,,
334,maluku utara,2029-01-01,1398279,,,,,,,,,,,,,,
335,maluku utara,2030-01-01,1413787,,,,,,,,,,,,,,
336,nusa tenggara barat,2015-01-01,4846677,105664.74,63.46,5.335000000000001,51.83,1072.0,1381.0,5338.5,7791.5,13.04,71.7,93.73,65.38,9241.0,16.82
337,nusa tenggara barat,2016-01-01,4924751,116464.76,69.76,3.8,55.01,935.0,1485.0,5803.0,8223.0,13.16,73.98,96.52,65.48,9575.0,16.25
338,nusa tenggara barat,2017-01-01,5001760,123822.76,69.08,3.59,59.1,935.0,1484.0,6106.0,8525.0,13.46,70.48,96.39,65.55,9877.0,15.56
339,nusa tenggara barat,2018-01-01,5077675,123868.02,73.7,3.4299999999999997,52.6,935.0,1484.0,6085.0,8504.0,13.47,73.61,97.06,65.87,10284.0,14.690000000000001
340,nusa tenggara barat,2019-01-01,5152409,132500.1,80.02,3.215,57.6,935.0,1484.0,6085.0,8504.0,13.48,93.93,56.35,66.28,10640.0,14.22
341,nusa tenggara barat,2020-01-01,5225907,133613.74,82.89,3.63,64.66,935.0,1484.0,6085.0,8504.0,13.7,94.13,62.53,66.51,10351.0,14.100000000000001
342,nusa tenggara barat,2021-01-01,5298463,140115.97,82.85,3.49,65.71,935.0,1484.0,6085.0,8504.0,13.9,94.6,62.9,66.69,10377.0,13.985
343,nusa tenggara barat,2022-01-01,5370293,156944.05,83.12,3.4050000000000002,61.0,940.0,1484.0,6085.0,8509.0,13.96,95.4,62.3,67.07,10681.0,13.75
344,nusa tenggara barat,2023-01-01,5441318,,,,,,,,,,,,,,
345,nusa tenggara barat,2024-01-01,5511464,,,,,,,,,,,,,,
346,nusa tenggara barat,2025-01-01,5580729,,,,,,,,,,,,,,
347,nusa tenggara barat,2026-01-01,5648977,,,,,,,,,,,,,,
348,nusa tenggara barat,2027-01-01,5716163,,,,,,,,,,,,,,
349,nusa tenggara barat,2028-01-01,5782244,,,,,,,,,,,,,,
350,nusa tenggara barat,2029-01-01,5847197,,,,,,,,,,,,,,
351,nusa tenggara barat,2030-01-01,5911032,,,,,,,,,,,,,,
352,nusa tenggara timur,2015-01-01,5126107,76120.79,23.37,3.475,37.78,1399.0,1610.5,12588.0,15597.5,12.84,62.72,56.4,65.96,7003.0,22.595
353,nusa tenggara timur,2016-01-01,5204696,83742.79,38.74,3.42,48.95,1858.0,1737.0,19091.0,22686.0,12.97,60.04,59.67,66.04,7122.0,22.1
354,nusa tenggara timur,2017-01-01,5282741,90758.93,43.77,3.24,41.44,1858.0,2650.0,18685.0,23193.0,13.07,65.2,66.25,66.07,7350.0,21.615000000000002
355,nusa tenggara timur,2018-01-01,5360248,98930.19,50.72,2.835,43.41,1858.0,2650.0,19063.0,23571.0,13.1,72.41,72.06,66.38,7566.0,21.19
356,nusa tenggara timur,2019-01-01,5437157,106731.76,64.55,3.06,43.85,1858.0,2650.0,19063.0,23571.0,13.15,82.35,32.08,66.85,7769.0,20.855
357,nusa tenggara timur,2020-01-01,5513390,106482.45,69.7,3.46,50.65,1858.0,2650.0,19148.0,23656.0,13.18,83.87,36.34,67.01,7598.0,21.055
358,nusa tenggara timur,2021-01-01,5588732,110881.46,73.36,3.575,44.88,1858.0,2650.0,19148.0,23656.0,13.2,85.4,40.41,67.15,7554.0,20.715
359,nusa tenggara timur,2022-01-01,5662936,118718.2,73.7,3.42,38.47,2153.0,2650.0,19211.0,24014.0,13.21,86.76,41.8,67.47,7877.0,20.14
360,nusa tenggara timur,2023-01-01,5735947,,,,,,,,,,,,,,
361,nusa tenggara timur,2024-01-01,5807678,,,,,,,,,,,,,,
362,nusa tenggara timur,2025-01-01,5878062,,,,,,,,,,,,,,
363,nusa tenggara timur,2026-01-01,5947309,,,,,,,,,,,,,,
364,nusa tenggara timur,2027-01-01,6015646,,,,,,,,,,,,,,
365,nusa tenggara timur,2028-01-01,6083054,,,,,,,,,,,,,,
366,nusa tenggara timur,2029-01-01,6149481,,,,,,,,,,,,,,
367,nusa tenggara timur,2030-01-01,6214888,,,,,,,,,,,,,,
368,papua,2015-01-01,3153814,150307.28,27.1,3.8550000000000004,28.23,2395.0,2804.0,16159.0,21358.0,9.95,51.27,49.53,65.09,6469.0,28.285
369,papua,2016-01-01,3203430,173208.86,30.97,3.16,35.69,2637.0,2958.0,13107.0,18702.0,10.23,52.69,49.33,65.12,6637.0,28.47
370,papua,2017-01-01,3252237,188938.08,32.56,3.79,33.82,2637.0,2362.0,16733.0,21732.0,10.54,59.09,55.21,65.14,6996.0,27.69
371,papua,2018-01-01,3300149,210600.57,33.75,2.875,29.56,2637.0,2362.0,16825.0,21824.0,10.83,58.35,58.23,65.36,7159.0,27.585
372,papua,2019-01-01,3347124,189510.7,38.27,3.365,27.44,2637.0,2362.0,16728.0,21727.0,11.05,60.85,26.19,65.65,7336.0,27.04
373,papua,2020-01-01,3393073,199186.57,40.31,3.85,30.92,2637.0,2362.0,15902.0,20901.0,11.08,62.73,28.56,65.79,6954.0,26.72
374,papua,2021-01-01,3438241,235486.12,40.81,3.55,32.95,2637.0,2362.0,16069.0,21068.0,11.11,64.92,28.92,65.93,6955.0,27.119999999999997
375,papua,2022-01-01,3482889,262515.82,40.34,3.215,39.01,2778.0,2362.0,16423.0,21563.0,11.14,65.39,27.28,66.23,7146.0,26.68
376,papua,2023-01-01,3526954,,,,,,,,,,,,,,
377,papua,2024-01-01,3570347,,,,,,,,,,,,,,
378,papua,2025-01-01,3613021,,,,,,,,,,,,,,
379,papua,2026-01-01,3654948,,,,,,,,,,,,,,
380,papua,2027-01-01,3696090,,,,,,,,,,,,,,
381,papua,2028-01-01,3736427,,,,,,,,,,,,,,
382,papua,2029-01-01,3775889,,,,,,,,,,,,,,
383,papua,2030-01-01,3814422,,,,,,,,,,,,,,
384,papua barat,2015-01-01,876024,62888.03,61.63,6.345000000000001,55.24,2052.0,2336.0,11273.5,15661.5,12.06,68.85,90.73,65.19,7064.0,25.775
385,papua barat,2016-01-01,897566,66631.08,63.69,6.595000000000001,56.12,1326.0,2310.0,6124.0,9760.0,12.26,68.76,88.58,65.3,7175.0,25.155
386,papua barat,2017-01-01,919364,71785.93,64.91,7.005,62.81,1326.0,2310.0,8231.0,11867.0,12.47,73.12,92.57,65.32,7493.0,24.11
387,papua barat,2018-01-01,941392,79644.58,73.95,6.359999999999999,60.47,1326.0,2310.0,8893.0,12529.0,12.53,77.12,94.55,65.55,7816.0,22.835
388,papua barat,2019-01-01,963612,84356.97,76.39,6.119999999999999,50.95,1326.0,2310.0,8800.0,12436.0,12.72,81.85,52.22,65.9,8125.0,21.840000000000003
389,papua barat,2020-01-01,986023,83588.64,78.71,6.79,61.49,1326.0,2310.0,8886.0,12522.0,12.91,79.56,55.44,66.02,8086.0,21.535
390,papua barat,2021-01-01,1008698,85078.42,77.89,6.01,59.08,1326.0,2310.0,9379.0,13015.0,13.13,81.68,57.9,66.14,7929.0,21.83
391,papua barat,2022-01-01,1031676,91291.75,73.52,5.575,57.07,1335.0,2310.0,9382.0,13027.0,13.21,81.57,53.81,66.46,8101.0,21.38
392,papua barat,2023-01-01,1054964,,,,,,,,,,,,,,
393,papua barat,2024-01-01,1078509,,,,,,,,,,,,,,
394,papua barat,2025-01-01,1102312,,,,,,,,,,,,,,
395,papua barat,2026-01-01,1126368,,,,,,,,,,,,,,
396,papua barat,2027-01-01,1150638,,,,,,,,,,,,,,
397,papua barat,2028-01-01,1175100,,,,,,,,,,,,,,
398,papua barat,2029-01-01,1199742,,,,,,,,,,,,,,
399,papua barat,2030-01-01,1224538,,,,,,,,,,,,,,
400,riau,2015-01-01,6356717,652761.63,50.77,7.275,57.28,1336.0,2671.5,16026.0,20033.5,12.74,74.24,93.92,70.93,10364.0,8.620000000000001
401,riau,2016-01-01,6478396,681699.03,70.67,6.6850000000000005,62.12,1337.0,3033.0,22670.0,27040.0,12.86,75.49,96.32,70.97,10465.0,7.825
402,riau,2017-01-01,6598719,704705.03,69.84,5.99,61.9,1337.0,2800.0,20855.0,24992.0,13.03,75.12,96.39,70.99,10677.0,7.595000000000001
403,riau,2018-01-01,6717605,752263.07,71.48,5.765000000000001,63.71,1337.0,2800.0,20360.0,24497.0,13.11,79.68,97.49,71.19,10968.0,7.3
404,riau,2019-01-01,6835090,760247.51,80.04,5.5600000000000005,58.78,1337.0,2800.0,20183.0,24320.0,13.14,87.42,62.94,71.48,11255.0,6.99
405,riau,2020-01-01,6951209,727599.47,83.99,5.62,66.62,1337.0,2800.0,19978.0,24115.0,13.2,88.25,68.44,71.6,10675.0,6.93
406,riau,2021-01-01,7066456,839010.13,83.64,4.6899999999999995,68.94,1337.0,2800.0,20156.0,24293.0,13.28,89.76,70.63,71.67,10736.0,7.0600000000000005
407,riau,2022-01-01,7181292,991589.59,84.06,4.385,66.91,1254.0,2800.0,20152.0,24206.0,13.29,90.07,69.43,71.95,11158.0,6.8100000000000005
408,riau,2023-01-01,7295819,,,,,,,,,,,,,,
409,riau,2024-01-01,7410220,,,,,,,,,,,,,,
410,riau,2025-01-01,7524696,,,,,,,,,,,,,,
411,riau,2026-01-01,7639373,,,,,,,,,,,,,,
412,riau,2027-01-01,7754253,,,,,,,,,,,,,,
413,riau,2028-01-01,7869383,,,,,,,,,,,,,,
414,riau,2029-01-01,7984797,,,,,,,,,,,,,,
415,riau,2030-01-01,8100611,,,,,,,,,,,,,,
416,sulawesi barat,2015-01-01,1281688,32987.55,50.97,2.58,39.29,1008.5,1493.0,12806.0,15307.5,12.22,53.89,81.88,64.22,8260.0,12.15
417,sulawesi barat,2016-01-01,1301361,35945.2,59.35,3.0250000000000004,53.45,763.0,186.0,5460.0,6409.0,12.34,58.99,84.36,64.31,8450.0,11.465
418,sulawesi barat,2017-01-01,1320850,39497.41,59.48,3.0949999999999998,56.17,763.0,186.0,4809.0,5758.0,12.48,60.66,88.77,64.34,8736.0,11.24
419,sulawesi barat,2018-01-01,1340138,43457.83,63.21,2.67,37.65,763.0,644.0,5631.0,7038.0,12.59,62.98,89.88,64.58,9051.0,11.235
420,sulawesi barat,2019-01-01,1359227,46365.79,73.39,2.135,48.2,763.0,350.0,4728.0,5841.0,12.62,71.5,47.23,64.82,9235.0,10.985
421,sulawesi barat,2020-01-01,1378107,46465.91,77.07,2.855,56.6,763.0,350.0,5041.0,6154.0,12.77,72.75,50.65,65.06,9168.0,11.184999999999999
422,sulawesi barat,2021-01-01,1396747,50565.51,80.12,3.205,56.22,763.0,350.0,5062.0,6175.0,12.86,78.35,57.26,65.25,9153.0,11.57
423,sulawesi barat,2022-01-01,1415128,54070.98,78.88,2.7249999999999996,55.18,768.0,350.0,5062.0,6180.0,12.87,78.98,55.37,65.63,9358.0,11.835
424,sulawesi barat,2023-01-01,1433231,,,,,,,,,,,,,,
425,sulawesi barat,2024-01-01,1451055,,,,,,,,,,,,,,
426,sulawesi barat,2025-01-01,1468570,,,,,,,,,,,,,,
427,sulawesi barat,2026-01-01,1485824,,,,,,,,,,,,,,
428,sulawesi barat,2027-01-01,1502871,,,,,,,,,,,,,,
429,sulawesi barat,2028-01-01,1519708,,,,,,,,,,,,,,
430,sulawesi barat,2029-01-01,1536288,,,,,,,,,,,,,,
431,sulawesi barat,2030-01-01,1552626,,,,,,,,,,,,,,
432,sulawesi selatan,2015-01-01,8520806,340390.21,71.82,5.88,50.85,1257.0,925.0,16580.0,18762.0,12.99,72.07,92.92,69.8,9992.0,9.754999999999999
433,sulawesi selatan,2016-01-01,8598571,377108.91,76.05,4.955,59.56,1746.0,1500.0,28098.0,31344.0,13.16,73.42,94.06,69.82,10281.0,9.32
434,sulawesi selatan,2017-01-01,8674337,415588.2,76.52,5.1899999999999995,63.82,1746.0,2015.0,26918.0,30679.0,13.28,76.34,95.5,69.84,10489.0,9.43
435,sulawesi selatan,2018-01-01,8748017,461774.74,79.61,4.99,56.86,1746.0,2015.0,26715.0,30476.0,13.34,77.93,96.6,70.08,10814.0,8.965
436,sulawesi selatan,2019-01-01,8819512,504320.73,87.8,4.859999999999999,60.97,1746.0,2015.0,26709.0,30470.0,13.36,89.38,60.93,70.43,11118.0,8.625
437,sulawesi selatan,2020-01-01,8888723,504052.53,88.96,6.005,66.22,1746.0,2015.0,26837.0,30598.0,13.45,90.84,64.24,70.57,11079.0,8.855
438,sulawesi selatan,2021-01-01,8956140,545172.68,91.57,5.755,69.43,1746.0,2015.0,26642.0,30403.0,13.52,91.18,69.11,70.66,11184.0,8.655
439,sulawesi selatan,2022-01-01,9022232,605144.68,92.24,5.13,68.32,1739.0,2015.0,26890.0,30644.0,13.53,91.96,69.9,70.97,11430.0,8.645
440,sulawesi selatan,2023-01-01,9086950,,,,,,,,,,,,,,
441,sulawesi selatan,2024-01-01,9150226,,,,,,,,,,,,,,
442,sulawesi selatan,2025-01-01,9212007,,,,,,,,,,,,,,
443,sulawesi selatan,2026-01-01,9272107,,,,,,,,,,,,,,
444,sulawesi selatan,2027-01-01,9330326,,,,,,,,,,,,,,
445,sulawesi selatan,2028-01-01,9386679,,,,,,,,,,,,,,
446,sulawesi selatan,2029-01-01,9441105,,,,,,,,,,,,,,
447,sulawesi selatan,2030-01-01,9493621,,,,,,,,,,,,,,
448,sulawesi tengah,2015-01-01,2878005,107573.47,54.89,3.545,45.84,2056.0,1817.0,19592.0,23465.0,12.72,61.49,85.7,67.26,8768.0,14.365
449,sulawesi tengah,2016-01-01,2919792,120030.01,59.76,3.375,61.79,2373.0,1619.0,12294.0,16286.0,12.92,62.15,86.72,67.31,9034.0,14.27
450,sulawesi tengah,2017-01-01,2961118,133951.16,61.03,3.39,62.73,2373.0,1644.0,12548.0,16565.0,13.04,67.1,89.75,67.32,9311.0,14.18
451,sulawesi tengah,2018-01-01,3001906,167135.77,64.15,3.245,53.84,2373.0,1644.0,12891.0,16908.0,13.13,71.13,91.1,67.78,9488.0,13.85
452,sulawesi tengah,2019-01-01,3042120,185740.09,71.95,3.285,52.0,2373.0,1644.0,12891.0,16908.0,13.14,83.42,56.65,68.23,9604.0,13.33
453,sulawesi tengah,2020-01-01,3081715,197440.78,74.61,3.35,57.68,2373.0,1644.0,12891.0,16908.0,13.17,84.6,58.85,68.69,9335.0,12.99
454,sulawesi tengah,2021-01-01,3120857,247328.39,76.06,3.74,61.16,2373.0,1644.0,12891.0,16908.0,13.23,88.51,62.7,68.83,9378.0,12.59
455,sulawesi tengah,2022-01-01,3159743,323617.16,75.01,3.335,53.73,2362.0,1644.0,12946.0,16952.0,13.32,86.74,58.61,68.93,9696.0,12.315000000000001
456,sulawesi tengah,2023-01-01,3198314,,,,,,,,,,,,,,
457,sulawesi tengah,2024-01-01,3236554,,,,,,,,,,,,,,
458,sulawesi tengah,2025-01-01,3274416,,,,,,,,,,,,,,
459,sulawesi tengah,2026-01-01,3311901,,,,,,,,,,,,,,
460,sulawesi tengah,2027-01-01,3349053,,,,,,,,,,,,,,
461,sulawesi tengah,2028-01-01,3385817,,,,,,,,,,,,,,
462,sulawesi tengah,2029-01-01,3422218,,,,,,,,,,,,,,
463,sulawesi tengah,2030-01-01,3458228,,,,,,,,,,,,,,
464,sulawesi tenggara,2015-01-01,2502678,87714.48,63.29,4.585,61.52,1930.0,1326.5,11582.0,14838.5,13.07,77.19,91.37,70.44,8697.0,13.32
465,sulawesi tenggara,2016-01-01,2543106,96994.76,67.44,3.25,67.12,1498.0,1009.0,10218.0,12725.0,13.24,75.82,91.86,70.46,8871.0,12.825
466,sulawesi tenggara,2017-01-01,2583436,107423.45,69.22,3.2199999999999998,67.75,1498.0,1009.0,10557.0,13064.0,13.36,79.83,94.53,70.47,9094.0,12.39
467,sulawesi tenggara,2018-01-01,2623625,118066.61,69.9,2.98,67.67,1498.0,1009.0,9784.0,12291.0,13.53,80.95,96.2,70.72,9262.0,11.475000000000001
468,sulawesi tenggara,2019-01-01,2663654,129225.15,79.75,3.2,64.26,1498.0,1009.0,9784.0,12291.0,13.55,89.66,59.82,70.97,9436.0,11.14
469,sulawesi tenggara,2020-01-01,2703461,130107.27,82.38,3.84,68.28,1498.0,1009.0,10480.0,12987.0,13.65,92.49,66.77,71.22,9331.0,11.344999999999999
470,sulawesi tenggara,2021-01-01,2743149,139463.63,85.62,4.07,70.65,1498.0,1009.0,10360.0,12867.0,13.68,91.94,70.45,71.27,9381.0,11.7
471,sulawesi tenggara,2022-01-01,2782876,158761.13,87.07,3.61,65.97,1491.0,1009.0,10360.0,12860.0,13.69,94.64,72.8,71.37,9708.0,11.219999999999999
472,sulawesi tenggara,2023-01-01,2822606,,,,,,,,,,,,,,
473,sulawesi tenggara,2024-01-01,2862278,,,,,,,,,,,,,,
474,sulawesi tenggara,2025-01-01,2901828,,,,,,,,,,,,,,
475,sulawesi tenggara,2026-01-01,2941166,,,,,,,,,,,,,,
476,sulawesi tenggara,2027-01-01,2980230,,,,,,,,,,,,,,
477,sulawesi tenggara,2028-01-01,3018968,,,,,,,,,,,,,,
478,sulawesi tenggara,2029-01-01,3057322,,,,,,,,,,,,,,
479,sulawesi tenggara,2030-01-01,3095250,,,,,,,,,,,,,,
480,sulawesi utara,2015-01-01,2409740,91145.68,64.62,8.86,55.5,1577.5,995.0,8728.5,11301.0,12.43,71.53,92.74,70.99,9729.0,8.815000000000001
481,sulawesi utara,2016-01-01,2432182,100513.84,74.75,7.0,72.33,1664.0,981.0,7097.0,9742.0,12.55,70.22,94.87,71.02,10148.0,8.27
482,sulawesi utara,2017-01-01,2453737,110116.73,71.14,6.65,67.46,1664.0,927.0,7249.0,9840.0,12.66,73.29,95.58,71.04,10422.0,8.0
483,sulawesi utara,2018-01-01,2474383,119512.68,75.23,6.235,70.02,1664.0,927.0,7481.0,10072.0,12.68,76.2,95.59,71.26,10731.0,7.695
484,sulawesi utara,2019-01-01,2494124,130126.51,82.36,5.59,67.58,1664.0,927.0,7415.0,10006.0,12.73,90.81,64.61,71.58,11115.0,7.585
485,sulawesi utara,2020-01-01,2512931,132230.06,85.49,6.355,73.79,1664.0,927.0,7467.0,10058.0,12.85,90.31,69.48,71.69,10791.0,7.7
486,sulawesi utara,2021-01-01,2530956,142615.02,84.85,7.17,68.56,1664.0,927.0,7500.0,10091.0,12.94,91.65,69.5,71.76,10882.0,7.5649999999999995
487,sulawesi utara,2022-01-01,2548326,157028.36,84.05,6.5600000000000005,66.66,1682.0,927.0,7510.0,10119.0,12.95,94.15,69.57,72.08,11179.0,7.3100000000000005
488,sulawesi utara,2023-01-01,2565005,,,,,,,,,,,,,,
489,sulawesi utara,2024-01-01,2580999,,,,,,,,,,,,,,
490,sulawesi utara,2025-01-01,2596289,,,,,,,,,,,,,,
491,sulawesi utara,2026-01-01,2610926,,,,,,,,,,,,,,
492,sulawesi utara,2027-01-01,2624953,,,,,,,,,,,,,,
493,sulawesi utara,2028-01-01,2638344,,,,,,,,,,,,,,
494,sulawesi utara,2029-01-01,2651110,,,,,,,,,,,,,,
495,sulawesi utara,2030-01-01,2663248,,,,,,,,,,,,,,
496,sumatera barat,2015-01-01,5200936,179951.98,44.53,6.4399999999999995,58.04,1565.5,1226.0,13985.0,16776.5,13.6,66.58,92.11,68.66,9804.0,7.01
497,sumatera barat,2016-01-01,5272513,196099.18,52.93,5.449999999999999,64.97,1449.0,1525.0,20460.0,23434.0,13.79,67.33,93.27,68.73,10126.0,7.115
498,sumatera barat,2017-01-01,5342822,213893.47,52.56,5.6899999999999995,60.8,1449.0,1525.0,19582.0,22556.0,13.94,68.83,94.41,68.78,10306.0,6.8100000000000005
499,sumatera barat,2018-01-01,5411828,230367.22,56.85,5.67,65.34,1449.0,1525.0,19414.0,22388.0,13.95,69.53,95.38,69.01,10638.0,6.6
500,sumatera barat,2019-01-01,5479473,245949.74,63.98,5.38,60.32,1449.0,1525.0,19377.0,22351.0,14.01,81.44,51.42,69.31,10925.0,6.355
501,sumatera barat,2020-01-01,5545687,241894.13,68.11,6.0649999999999995,67.11,1449.0,1525.0,19349.0,22323.0,14.02,83.37,56.87,69.47,10733.0,6.42
502,sumatera barat,2021-01-01,5610839,253101.28,68.68,6.595,70.06,1449.0,1525.0,19675.0,22649.0,14.09,83.4,56.67,69.59,10790.0,6.335
503,sumatera barat,2022-01-01,5675335,285378.64,69.27,6.225,65.96,1423.0,1525.0,19705.0,22653.0,14.1,85.23,58.18,69.9,11130.0,5.98
504,sumatera barat,2023-01-01,5739124,,,,,,,,,,,,,,
505,sumatera barat,2024-01-01,5802148,,,,,,,,,,,,,,
506,sumatera barat,2025-01-01,5864368,,,,,,,,,,,,,,
507,sumatera barat,2026-01-01,5925719,,,,,,,,,,,,,,
508,sumatera barat,2027-01-01,5986189,,,,,,,,,,,,,,
509,sumatera barat,2028-01-01,6045738,,,,,,,,,,,,,,
510,sumatera barat,2029-01-01,6104348,,,,,,,,,,,,,,
511,sumatera barat,2030-01-01,6161999,,,,,,,,,,,,,,
512,sumatera selatan,2015-01-01,8062726,331765.7,61.03,5.550000000000001,48.9,1511.5,1494.0,17731.5,20737.0,12.02,65.16,91.97,69.14,9474.0,14.01
513,sumatera selatan,2016-01-01,8174111,353866.96,64.51,4.125,55.37,1600.0,1463.0,15758.0,18821.0,12.23,63.77,92.27,69.16,9935.0,13.465
514,sumatera selatan,2017-01-01,8283732,382885.7,66.1,4.095,54.15,1600.0,1514.0,16119.0,19233.0,12.35,64.02,93.92,69.18,10220.0,13.145
515,sumatera selatan,2018-01-01,8391468,419392.16,68.6,4.175,63.94,1600.0,1514.0,15875.0,18989.0,12.36,65.31,94.54,69.41,10652.0,12.81
516,sumatera selatan,2019-01-01,8497173,453402.71,74.67,4.275,58.23,1600.0,1514.0,16061.0,19175.0,12.39,80.37,52.24,69.65,10937.0,12.635000000000002
517,sumatera selatan,2020-01-01,8600740,454607.4,76.94,4.705,65.42,1600.0,1514.0,16492.0,19606.0,12.45,80.78,55.25,69.88,10652.0,12.82
518,sumatera selatan,2021-01-01,8702603,493651.91,77.29,5.075,67.2,1600.0,1514.0,16492.0,19606.0,12.54,84.7,57.86,69.98,10662.0,12.815
519,sumatera selatan,2022-01-01,8803187,591603.48,78.62,4.6850000000000005,67.07,1581.0,1514.0,16492.0,19587.0,12.55,86.35,59.96,70.32,11109.0,11.925
520,sumatera selatan,2023-01-01,8902379,,,,,,,,,,,,,,
521,sumatera selatan,2024-01-01,9000071,,,,,,,,,,,,,,
522,sumatera selatan,2025-01-01,9096188,,,,,,,,,,,,,,
523,sumatera selatan,2026-01-01,9190588,,,,,,,,,,,,,,
524,sumatera selatan,2027-01-01,9283112,,,,,,,,,,,,,,
525,sumatera selatan,2028-01-01,9373748,,,,,,,,,,,,,,
526,sumatera selatan,2029-01-01,9462433,,,,,,,,,,,,,,
527,sumatera selatan,2030-01-01,9549166,,,,,,,,,,,,,,
528,sumatera utara,2015-01-01,13961417,571722.01,67.18,6.55,59.54,2106.5,2281.5,25792.0,30180.0,12.82,71.41,92.09,68.29,9563.0,10.66
529,sumatera utara,2016-01-01,14136739,626062.91,72.43,6.165,69.69,2632.0,3049.0,35092.0,40773.0,13.0,70.61,92.99,68.33,9744.0,10.309999999999999
530,sumatera utara,2017-01-01,14308327,684634.43,72.56,6.005,67.16,2632.0,3048.0,33863.0,39543.0,13.1,70.07,93.67,68.37,10036.0,9.75
531,sumatera utara,2018-01-01,14475930,741347.43,74.6,5.58,68.34,2632.0,3049.0,33434.0,39115.0,13.14,71.95,94.03,68.61,10391.0,9.08
532,sumatera utara,2019-01-01,14639351,799608.95,79.59,5.48,65.21,2632.0,3006.0,34750.0,40388.0,13.15,90.22,64.65,68.95,10649.0,8.73
533,sumatera utara,2020-01-01,14798371,811188.31,81.08,5.8100000000000005,70.39,2632.0,3006.0,35318.0,40956.0,13.23,89.68,67.44,69.1,10420.0,8.945
534,sumatera utara,2021-01-01,14953993,859934.26,82.02,6.17,72.81,2632.0,3006.0,35101.0,40739.0,13.27,90.89,69.48,69.23,10499.0,8.75
535,sumatera utara,2022-01-01,15107190,955193.09,82.3,5.8149999999999995,77.16,2620.0,3006.0,35284.0,40910.0,13.31,92.13,67.26,69.61,10848.0,8.375
536,sumatera utara,2023-01-01,15257802,,,,,,,,,,,,,,
537,sumatera utara,2024-01-01,15405603,,,,,,,,,,,,,,
538,sumatera utara,2025-01-01,15550418,,,,,,,,,,,,,,
539,sumatera utara,2026-01-01,15692185,,,,,,,,,,,,,,
540,sumatera utara,2027-01-01,15830917,,,,,,,,,,,,,,
541,sumatera utara,2028-01-01,15966475,,,,,,,,,,,,,,
542,sumatera utara,2029-01-01,16098747,,,,,,,,,,,,,,
543,sumatera utara,2030-01-01,16227555,,,,,,,,,,,,,,
